name,defined_in
AIProviders,C:\Users\lawm\Desktop\verity-systems\python-tools\api_server_v10.py;C:\Users\lawm\Desktop\verity-systems\python-tools\api_server_v8.py;C:\Users\lawm\Desktop\verity-systems\python-tools\api_server_v9.py
AdvancedWebhookProcessor,C:\Users\lawm\Desktop\verity-systems\python-tools\tests\test_stripe_webhook_advanced.py
AnalyticsEvent,C:\Users\lawm\Desktop\verity-systems\python-tools\analytics_backend.py
AnalyticsProcessor,C:\Users\lawm\Desktop\verity-systems\python-tools\analytics_backend.py
AnalyticsStore,C:\Users\lawm\Desktop\verity-systems\python-tools\analytics_backend.py
BatchRequest,C:\Users\lawm\Desktop\verity-systems\python-tools\api_server_v10.py;C:\Users\lawm\Desktop\verity-systems\python-tools\api_server_v8.py;C:\Users\lawm\Desktop\verity-systems\python-tools\api_server_v9.py
BatchVerifyRequest,C:\Users\lawm\Desktop\verity-systems\python-tools\api_server_v9.py
CheckoutRequest,C:\Users\lawm\Desktop\verity-systems\python-tools\api_server_v10.py;C:\Users\lawm\Desktop\verity-systems\python-tools\api_server_v9.py
CircuitBreaker,C:\Users\lawm\Desktop\verity-systems\python-tools\api_server_v10.py;C:\Users\lawm\Desktop\verity-systems\python-tools\circuit_breaker.py
CircuitState,C:\Users\lawm\Desktop\verity-systems\python-tools\circuit_breaker.py
ClaimCache,C:\Users\lawm\Desktop\verity-systems\python-tools\api_server_v10.py;C:\Users\lawm\Desktop\verity-systems\python-tools\api_server_v9.py
ClaimRequest,C:\Users\lawm\Desktop\verity-systems\python-tools\api_server_v10.py;C:\Users\lawm\Desktop\verity-systems\python-tools\api_server_v8.py;C:\Users\lawm\Desktop\verity-systems\python-tools\api_server_v9.py
ContentExtractor,C:\Users\lawm\Desktop\verity-systems\python-tools\api_server_v10.py
ContentTypeDetector,C:\Users\lawm\Desktop\verity-systems\python-tools\api_server_v10.py
CounterEvidenceDetector,C:\Users\lawm\Desktop\verity-systems\python-tools\api_server_v10.py
DummyEmailService,C:\Users\lawm\Desktop\verity-systems\python-tools\tests\test_email_idempotency.py
DummyWebhookProcessor,C:\Users\lawm\Desktop\verity-systems\python-tools\tests\test_stripe_webhook.py
EmailConfig,C:\Users\lawm\Desktop\verity-systems\python-tools\email_service.py
ExtensiveTestSuite,C:\Users\lawm\Desktop\verity-systems\python-tools\extensive_test_suite.py
FakeResp,C:\Users\lawm\Desktop\verity-systems\tests\test_github_artifacts_proxy.py
HealthChecker,C:\Users\lawm\Desktop\verity-systems\python-tools\circuit_breaker.py
LinkParser,C:\Users\lawm\Desktop\verity-systems\python-tools\blog_crawler.py
LoginRequest,C:\Users\lawm\Desktop\verity-systems\python-tools\api_server_v9.py
MockProvider,C:\Users\lawm\Desktop\verity-systems\tests\test_verity.py
MockTimeout,C:\Users\lawm\Desktop\verity-systems\tests\test_verity.py
ProviderHealth,C:\Users\lawm\Desktop\verity-systems\python-tools\api_server_v9.py
ProviderManager,C:\Users\lawm\Desktop\verity-systems\python-tools\circuit_breaker.py
ProviderRateLimiter,C:\Users\lawm\Desktop\verity-systems\python-tools\api_server_v9.py
RateLimiter,C:\Users\lawm\Desktop\verity-systems\python-tools\api_server_v10.py;C:\Users\lawm\Desktop\verity-systems\python-tools\api_server_v8.py;C:\Users\lawm\Desktop\verity-systems\python-tools\api_server_v9.py;C:\Users\lawm\Desktop\verity-systems\python-tools\circuit_breaker.py
RegisterRequest,C:\Users\lawm\Desktop\verity-systems\python-tools\api_server_v9.py
RunRequest,C:\Users\lawm\Desktop\verity-systems\python-tools\test_runner_server.py
SecretStore,C:\Users\lawm\Desktop\verity-systems\python-tools\secret_store.py
SessionData,C:\Users\lawm\Desktop\verity-systems\python-tools\analytics_backend.py
SimpleRateLimiter,C:\Users\lawm\Desktop\verity-systems\python-tools\tests\test_rate_limit_simulation.py
SimulateKeyRateLimiter,C:\Users\lawm\Desktop\verity-systems\python-tools\api_server_v9.py
SourceAuthorityScorer,C:\Users\lawm\Desktop\verity-systems\python-tools\api_server_v10.py
StripePaymentHandler,C:\Users\lawm\Desktop\verity-systems\python-tools\stripe_handler.py
TemporalVerifier,C:\Users\lawm\Desktop\verity-systems\python-tools\api_server_v10.py
TestAPIEndpoints,C:\Users\lawm\Desktop\verity-systems\tests\test_verity.py
TestClaim,C:\Users\lawm\Desktop\verity-systems\python-tools\extensive_test_suite.py
TestClaimAnalysis,C:\Users\lawm\Desktop\verity-systems\tests\test_verity.py
TestConsensusAlgorithm,C:\Users\lawm\Desktop\verity-systems\tests\test_verity.py
TestDemoFunctionality,C:\Users\lawm\Desktop\verity-systems\tests\test_verity.py
TestErrorHandling,C:\Users\lawm\Desktop\verity-systems\tests\test_verity.py
TestProviderIntegration,C:\Users\lawm\Desktop\verity-systems\tests\test_verity.py
TestResult,C:\Users\lawm\Desktop\verity-systems\python-tools\extensive_test_suite.py
TestScoreWheel,C:\Users\lawm\Desktop\verity-systems\tests\test_verity.py
TestSourceCredibility,C:\Users\lawm\Desktop\verity-systems\tests\test_verity.py
TextRequest,C:\Users\lawm\Desktop\verity-systems\python-tools\api_server_v8.py
URLRequest,C:\Users\lawm\Desktop\verity-systems\python-tools\api_server_v8.py
UpstashRedis,C:\Users\lawm\Desktop\verity-systems\python-tools\upstash_redis.py
UserAuth,C:\Users\lawm\Desktop\verity-systems\python-tools\api_server_v9.py
VeriScoreCalculator,C:\Users\lawm\Desktop\verity-systems\python-tools\api_server_v10.py
VerityAPITester,C:\Users\lawm\Desktop\verity-systems\python-tools\api_tester_comprehensive.py
VerityCache,C:\Users\lawm\Desktop\verity-systems\python-tools\upstash_redis.py
VerityRateLimiter,C:\Users\lawm\Desktop\verity-systems\python-tools\upstash_redis.py
VerityUsageTracker,C:\Users\lawm\Desktop\verity-systems\python-tools\upstash_redis.py
WebhookDelivery,C:\Users\lawm\Desktop\verity-systems\python-tools\models.py
WebhookQueue,C:\Users\lawm\Desktop\verity-systems\python-tools\models.py
_aggregate_results,C:\Users\lawm\Desktop\verity-systems\python-tools\api_server_v8.py
_auth_headers,C:\Users\lawm\Desktop\verity-systems\python-tools\test_helpers.py
_broadcast_ws,C:\Users\lawm\Desktop\verity-systems\python-tools\api_server_v10.py
_build_consensus_with_nuance,C:\Users\lawm\Desktop\verity-systems\python-tools\api_server_v10.py
_build_verification_prompt,C:\Users\lawm\Desktop\verity-systems\python-tools\api_server_v10.py
_calculate_avg_confidence,C:\Users\lawm\Desktop\verity-systems\python-tools\analytics_backend.py
_calculate_avg_duration,C:\Users\lawm\Desktop\verity-systems\python-tools\analytics_backend.py
_call_provider_with_timeout,C:\Users\lawm\Desktop\verity-systems\python-tools\api_server_v10.py
_call_with_retry,C:\Users\lawm\Desktop\verity-systems\python-tools\api_server_v9.py
_check_api_docs,C:\Users\lawm\Desktop\verity-systems\tests\enterprise\test_api_full.py
_check_api_key,C:\Users\lawm\Desktop\verity-systems\python-tools\simple_test_api.py
_check_correctness,C:\Users\lawm\Desktop\verity-systems\python-tools\extensive_test_suite.py
_check_dashboard,C:\Users\lawm\Desktop\verity-systems\tests\enterprise\test_api_full.py
_check_health,C:\Users\lawm\Desktop\verity-systems\tests\enterprise\test_api_full.py
_check_provider_setup,C:\Users\lawm\Desktop\verity-systems\tests\enterprise\test_api_full.py
_check_providers,C:\Users\lawm\Desktop\verity-systems\python-tools\api_server_v8.py;C:\Users\lawm\Desktop\verity-systems\python-tools\api_server_v9.py
_check_settings,C:\Users\lawm\Desktop\verity-systems\tests\enterprise\test_api_full.py
_check_tools,C:\Users\lawm\Desktop\verity-systems\tests\enterprise\test_api_full.py
_check_verify,C:\Users\lawm\Desktop\verity-systems\tests\enterprise\test_api_full.py
_compute_hash,C:\Users\lawm\Desktop\verity-systems\python-tools\audit_log.py
_cross_validate_results,C:\Users\lawm\Desktop\verity-systems\python-tools\api_server_v9.py
_deliver_webhook_record,C:\Users\lawm\Desktop\verity-systems\python-tools\simple_test_api.py
_display_accuracy_results,C:\Users\lawm\Desktop\verity-systems\python-tools\api_tester_comprehensive.py
_display_basic_results,C:\Users\lawm\Desktop\verity-systems\python-tools\api_tester_comprehensive.py
_display_tool_results,C:\Users\lawm\Desktop\verity-systems\python-tools\api_tester_comprehensive.py
_display_verification_results,C:\Users\lawm\Desktop\verity-systems\python-tools\api_tester_comprehensive.py
_ensure_artifact,C:\Users\lawm\Desktop\verity-systems\tests\enterprise\test_api_full.py
_execute_with_failover_internal,C:\Users\lawm\Desktop\verity-systems\python-tools\circuit_breaker.py
_extract_verdict_from_response,C:\Users\lawm\Desktop\verity-systems\python-tools\api_server_v10.py;C:\Users\lawm\Desktop\verity-systems\python-tools\api_server_v9.py
_generate_summary,C:\Users\lawm\Desktop\verity-systems\python-tools\api_tester_comprehensive.py
_get_cache_key,C:\Users\lawm\Desktop\verity-systems\python-tools\circuit_breaker.py
_get_grade,C:\Users\lawm\Desktop\verity-systems\python-tools\api_server_v10.py
_get_headers,C:\Users\lawm\Desktop\verity-systems\python-tools\api_tester_comprehensive.py
_get_last_hash,C:\Users\lawm\Desktop\verity-systems\python-tools\audit_log.py
_get_system_prompt,C:\Users\lawm\Desktop\verity-systems\python-tools\api_server_v10.py
_is_factual_statement,C:\Users\lawm\Desktop\verity-systems\python-tools\api_server_v10.py
_is_known_false_claim,C:\Users\lawm\Desktop\verity-systems\python-tools\api_server_v10.py
_is_port_open,C:\Users\lawm\Desktop\verity-systems\python-tools\tests\test_services_health.py
_is_strict,C:\Users\lawm\Desktop\verity-systems\tests\enterprise\test_api_full.py
_key,C:\Users\lawm\Desktop\verity-systems\python-tools\api_server_v10.py;C:\Users\lawm\Desktop\verity-systems\python-tools\api_server_v9.py
_latest_summary,C:\Users\lawm\Desktop\verity-systems\tests\enterprise\test_api_full.py
_load_api_key,C:\Users\lawm\Desktop\verity-systems\tests\enterprise\check_fireworks.py
_load_kms_key,C:\Users\lawm\Desktop\verity-systems\python-tools\simple_test_api.py
_load_schema_file,C:\Users\lawm\Desktop\verity-systems\tests\enterprise\test_api_full.py
_looks_like_base64_image,C:\Users\lawm\Desktop\verity-systems\python-tools\api_server_v10.py
_process_webhook_queue_once,C:\Users\lawm\Desktop\verity-systems\python-tools\simple_test_api.py
_read_store,C:\Users\lawm\Desktop\verity-systems\python-tools\secret_store.py
_send_blocking,C:\Users\lawm\Desktop\verity-systems\python-tools\email_service.py
_set_json,C:\Users\lawm\Desktop\verity-systems\python-tools\simple_test_api.py
_update_metrics,C:\Users\lawm\Desktop\verity-systems\python-tools\analytics_backend.py
_update_session,C:\Users\lawm\Desktop\verity-systems\python-tools\analytics_backend.py
_url,C:\Users\lawm\Desktop\verity-systems\python-tools\tests\test_image_analysis.py
_vault_get_secret,C:\Users\lawm\Desktop\verity-systems\python-tools\secret_store.py
_vault_set_secret,C:\Users\lawm\Desktop\verity-systems\python-tools\secret_store.py
_webhook_worker_loop,C:\Users\lawm\Desktop\verity-systems\python-tools\simple_test_api.py
_write_store,C:\Users\lawm\Desktop\verity-systems\python-tools\secret_store.py
add_event,C:\Users\lawm\Desktop\verity-systems\python-tools\analytics_backend.py
analyze_all_tools,C:\Users\lawm\Desktop\verity-systems\python-tools\api_server_v8.py
analyze_counter_evidence,C:\Users\lawm\Desktop\verity-systems\python-tools\api_server_v10.py
analyze_image,C:\Users\lawm\Desktop\verity-systems\python-tools\api_server_v9.py
analyze_image_forensics,C:\Users\lawm\Desktop\verity-systems\python-tools\api_server_v8.py
analyze_realtime_stream,C:\Users\lawm\Desktop\verity-systems\python-tools\api_server_v8.py
analyze_results,C:\Users\lawm\Desktop\verity-systems\python-tools\comprehensive_test_v10.py;C:\Users\lawm\Desktop\verity-systems\python-tools\robust_test_suite.py
analyze_social_media,C:\Users\lawm\Desktop\verity-systems\python-tools\api_server_v8.py;C:\Users\lawm\Desktop\verity-systems\python-tools\api_server_v9.py
analyze_source_credibility,C:\Users\lawm\Desktop\verity-systems\python-tools\api_server_v8.py
analyze_temporal_context,C:\Users\lawm\Desktop\verity-systems\python-tools\api_server_v10.py
analyze_text,C:\Users\lawm\Desktop\verity-systems\python-tools\api_server_v8.py
analyze_url,C:\Users\lawm\Desktop\verity-systems\python-tools\api_server_v8.py
apply_migration,C:\Users\lawm\Desktop\verity-systems\python-tools\run_migrations.py
cache_api_key,C:\Users\lawm\Desktop\verity-systems\python-tools\upstash_redis.py
cache_verification,C:\Users\lawm\Desktop\verity-systems\python-tools\upstash_redis.py
calculate_veriscore,C:\Users\lawm\Desktop\verity-systems\python-tools\api_server_v10.py
can_execute,C:\Users\lawm\Desktop\verity-systems\python-tools\circuit_breaker.py
can_request,C:\Users\lawm\Desktop\verity-systems\python-tools\api_server_v9.py
cancel_subscription,C:\Users\lawm\Desktop\verity-systems\python-tools\api_server_v9.py;C:\Users\lawm\Desktop\verity-systems\python-tools\stripe_handler.py
categorize_claim,C:\Users\lawm\Desktop\verity-systems\python-tools\api_server_v9.py
check_all,C:\Users\lawm\Desktop\verity-systems\python-tools\circuit_breaker.py
check_daily_limit,C:\Users\lawm\Desktop\verity-systems\python-tools\upstash_redis.py
check_limit,C:\Users\lawm\Desktop\verity-systems\python-tools\upstash_redis.py
check_page,C:\Users\lawm\Desktop\verity-systems\python-tools\blog_crawler.py
check_provider,C:\Users\lawm\Desktop\verity-systems\python-tools\circuit_breaker.py
check_source_credibility,C:\Users\lawm\Desktop\verity-systems\python-tools\api_server_v9.py
clean_claim,C:\Users\lawm\Desktop\verity-systems\python-tools\api_server_v10.py;C:\Users\lawm\Desktop\verity-systems\python-tools\api_server_v8.py;C:\Users\lawm\Desktop\verity-systems\python-tools\api_server_v9.py
clear_cache,C:\Users\lawm\Desktop\verity-systems\python-tools\circuit_breaker.py
command_sync,C:\Users\lawm\Desktop\verity-systems\python-tools\upstash_redis.py
copy_file,C:\Users\lawm\Desktop\verity-systems\scripts\visual\attach_and_run.py
create_checkout,C:\Users\lawm\Desktop\verity-systems\python-tools\api_server_v10.py
create_checkout_session,C:\Users\lawm\Desktop\verity-systems\python-tools\api_server_v9.py;C:\Users\lawm\Desktop\verity-systems\python-tools\stripe_handler.py
create_customer,C:\Users\lawm\Desktop\verity-systems\python-tools\stripe_handler.py
create_token,C:\Users\lawm\Desktop\verity-systems\python-tools\api_server_v9.py
create_usage_record,C:\Users\lawm\Desktop\verity-systems\python-tools\stripe_handler.py
debug_env,C:\Users\lawm\Desktop\verity-systems\python-tools\api_server_v8.py
decorator,C:\Users\lawm\Desktop\verity-systems\python-tools\upstash_redis.py
decrypt_secret,C:\Users\lawm\Desktop\verity-systems\python-tools\simple_test_api.py
deep_health_check,C:\Users\lawm\Desktop\verity-systems\python-tools\api_server_v10.py;C:\Users\lawm\Desktop\verity-systems\python-tools\api_server_v9.py
detect_content_type,C:\Users\lawm\Desktop\verity-systems\python-tools\api_server_v10.py
detect_injection,C:\Users\lawm\Desktop\verity-systems\python-tools\api_server_v10.py;C:\Users\lawm\Desktop\verity-systems\python-tools\api_server_v9.py
dispatch_webhooks,C:\Users\lawm\Desktop\verity-systems\python-tools\simple_test_api.py
do_GET,C:\Users\lawm\Desktop\verity-systems\python-tools\simple_test_api.py
do_OPTIONS,C:\Users\lawm\Desktop\verity-systems\python-tools\simple_test_api.py
do_POST,C:\Users\lawm\Desktop\verity-systems\python-tools\simple_test_api.py
download,C:\Users\lawm\Desktop\verity-systems\scripts\visual\attach_and_run.py
encrypt_secret,C:\Users\lawm\Desktop\verity-systems\python-tools\simple_test_api.py
enqueue_webhook,C:\Users\lawm\Desktop\verity-systems\python-tools\simple_test_api.py
ensure_dir,C:\Users\lawm\Desktop\verity-systems\scripts\record_pytest.py
entropy,C:\Users\lawm\Desktop\verity-systems\python-tools\simple_test_api.py
execute_with_failover,C:\Users\lawm\Desktop\verity-systems\python-tools\circuit_breaker.py
expire,C:\Users\lawm\Desktop\verity-systems\python-tools\upstash_redis.py
extract_css_var,C:\Users\lawm\Desktop\verity-systems\tests\test_mobile_theme.py
extract_markers_and_types,C:\Users\lawm\Desktop\verity-systems\scripts\generate_test_html.py
extract_research_paper,C:\Users\lawm\Desktop\verity-systems\python-tools\api_server_v10.py
extract_test_items,C:\Users\lawm\Desktop\verity-systems\scripts\generate_test_html.py
extract_ts_value,C:\Users\lawm\Desktop\verity-systems\tests\test_mobile_theme.py
extract_url_content,C:\Users\lawm\Desktop\verity-systems\python-tools\api_server_v10.py
find_env_keys,C:\Users\lawm\Desktop\verity-systems\tests\enterprise\check_zyte_usage.py
find_imports,C:\Users\lawm\Desktop\verity-systems\tests\enterprise\check_zyte_usage.py
find_test_files,C:\Users\lawm\Desktop\verity-systems\scripts\generate_test_html.py
general_exception_handler,C:\Users\lawm\Desktop\verity-systems\python-tools\api_server_v8.py
generate_counter_queries,C:\Users\lawm\Desktop\verity-systems\python-tools\api_server_v10.py
generate_report,C:\Users\lawm\Desktop\verity-systems\python-tools\extensive_test_suite.py
get_all_provider_checks,C:\Users\lawm\Desktop\verity-systems\python-tools\api_server_v9.py
get_all_stats,C:\Users\lawm\Desktop\verity-systems\python-tools\circuit_breaker.py
get_analytics_dashboard,C:\Users\lawm\Desktop\verity-systems\python-tools\analytics_backend.py
get_available_providers,C:\Users\lawm\Desktop\verity-systems\python-tools\api_server_v10.py;C:\Users\lawm\Desktop\verity-systems\python-tools\api_server_v9.py;C:\Users\lawm\Desktop\verity-systems\python-tools\circuit_breaker.py
get_available_search_apis,C:\Users\lawm\Desktop\verity-systems\python-tools\api_server_v10.py;C:\Users\lawm\Desktop\verity-systems\python-tools\api_server_v9.py
get_cached_api_key,C:\Users\lawm\Desktop\verity-systems\python-tools\upstash_redis.py
get_cached_verification,C:\Users\lawm\Desktop\verity-systems\python-tools\upstash_redis.py
get_chain,C:\Users\lawm\Desktop\verity-systems\python-tools\audit_log.py
get_credibility,C:\Users\lawm\Desktop\verity-systems\tests\test_verity.py
get_current_auth_config,C:\Users\lawm\Desktop\verity-systems\scripts\update_supabase_auth.py
get_current_user,C:\Users\lawm\Desktop\verity-systems\python-tools\api_server_v9.py
get_daily_usage,C:\Users\lawm\Desktop\verity-systems\python-tools\upstash_redis.py
get_dashboard_stats,C:\Users\lawm\Desktop\verity-systems\python-tools\analytics_backend.py
get_database_url,C:\Users\lawm\Desktop\verity-systems\python-tools\run_migrations.py
get_events,C:\Users\lawm\Desktop\verity-systems\python-tools\analytics_backend.py
get_funnel,C:\Users\lawm\Desktop\verity-systems\python-tools\analytics_backend.py
get_funnel_analysis,C:\Users\lawm\Desktop\verity-systems\python-tools\analytics_backend.py
get_healthy_providers,C:\Users\lawm\Desktop\verity-systems\python-tools\circuit_breaker.py
get_invoices,C:\Users\lawm\Desktop\verity-systems\python-tools\stripe_handler.py
get_metrics,C:\Users\lawm\Desktop\verity-systems\python-tools\analytics_backend.py
get_monthly_usage,C:\Users\lawm\Desktop\verity-systems\python-tools\upstash_redis.py
get_overall_status,C:\Users\lawm\Desktop\verity-systems\python-tools\circuit_breaker.py
get_payment_methods,C:\Users\lawm\Desktop\verity-systems\python-tools\stripe_handler.py
get_prompt_templates,C:\Users\lawm\Desktop\verity-systems\python-tools\api_server_v10.py
get_provider_health_logs,C:\Users\lawm\Desktop\verity-systems\python-tools\api_server_v9.py
get_provider_secret,C:\Users\lawm\Desktop\verity-systems\python-tools\simple_test_api.py
get_providers,C:\Users\lawm\Desktop\verity-systems\python-tools\api_server_v8.py
get_retry_delay,C:\Users\lawm\Desktop\verity-systems\python-tools\api_server_v9.py
get_run,C:\Users\lawm\Desktop\verity-systems\python-tools\simple_test_api.py
get_search_provider_checks,C:\Users\lawm\Desktop\verity-systems\python-tools\api_server_v9.py
get_secret,C:\Users\lawm\Desktop\verity-systems\python-tools\secret_store.py
get_session,C:\Users\lawm\Desktop\verity-systems\python-tools\analytics_backend.py;C:\Users\lawm\Desktop\verity-systems\python-tools\db.py;C:\Users\lawm\Desktop\verity-systems\python-tools\email_service.py
get_stats,C:\Users\lawm\Desktop\verity-systems\python-tools\api_server_v10.py;C:\Users\lawm\Desktop\verity-systems\python-tools\api_server_v8.py;C:\Users\lawm\Desktop\verity-systems\python-tools\api_server_v9.py;C:\Users\lawm\Desktop\verity-systems\python-tools\circuit_breaker.py
get_stripe_config,C:\Users\lawm\Desktop\verity-systems\python-tools\api_server_v10.py;C:\Users\lawm\Desktop\verity-systems\python-tools\api_server_v9.py
get_subscription,C:\Users\lawm\Desktop\verity-systems\python-tools\api_server_v9.py;C:\Users\lawm\Desktop\verity-systems\python-tools\stripe_handler.py
get_test_runs,C:\Users\lawm\Desktop\verity-systems\python-tools\api_server_v9.py
get_timeout,C:\Users\lawm\Desktop\verity-systems\python-tools\api_server_v10.py
get_usage,C:\Users\lawm\Desktop\verity-systems\python-tools\circuit_breaker.py
get_user_analytics,C:\Users\lawm\Desktop\verity-systems\python-tools\analytics_backend.py
get_user_journey,C:\Users\lawm\Desktop\verity-systems\python-tools\analytics_backend.py
get_volume_discount,C:\Users\lawm\Desktop\verity-systems\python-tools\upstash_redis.py
github_artifacts,C:\Users\lawm\Desktop\verity-systems\python-tools\api_server_v9.py
handle_starttag,C:\Users\lawm\Desktop\verity-systems\python-tools\blog_crawler.py
handle_webhook,C:\Users\lawm\Desktop\verity-systems\python-tools\stripe_handler.py
hash_api_key,C:\Users\lawm\Desktop\verity-systems\python-tools\upstash_redis.py
hash_claim,C:\Users\lawm\Desktop\verity-systems\python-tools\upstash_redis.py
hash_password,C:\Users\lawm\Desktop\verity-systems\python-tools\api_server_v9.py
hget,C:\Users\lawm\Desktop\verity-systems\python-tools\upstash_redis.py
hgetall,C:\Users\lawm\Desktop\verity-systems\python-tools\upstash_redis.py
hincrby,C:\Users\lawm\Desktop\verity-systems\python-tools\upstash_redis.py
hset,C:\Users\lawm\Desktop\verity-systems\python-tools\upstash_redis.py
http_exception_handler,C:\Users\lawm\Desktop\verity-systems\python-tools\api_server_v8.py
import_dashboard,C:\Users\lawm\Desktop\verity-systems\python-tools\grafana\import_dashboard.py
incr,C:\Users\lawm\Desktop\verity-systems\python-tools\upstash_redis.py
incrby,C:\Users\lawm\Desktop\verity-systems\python-tools\upstash_redis.py
init_db,C:\Users\lawm\Desktop\verity-systems\python-tools\simple_test_api.py
invalidate_api_key,C:\Users\lawm\Desktop\verity-systems\python-tools\upstash_redis.py
is_available,C:\Users\lawm\Desktop\verity-systems\tests\test_verity.py
is_base64,C:\Users\lawm\Desktop\verity-systems\python-tools\simple_test_api.py
is_healthy,C:\Users\lawm\Desktop\verity-systems\python-tools\api_server_v9.py
is_open,C:\Users\lawm\Desktop\verity-systems\python-tools\api_server_v10.py
latest_fireworks_summary,C:\Users\lawm\Desktop\verity-systems\tests\enterprise\quota_monitor.py
list_runs,C:\Users\lawm\Desktop\verity-systems\python-tools\simple_test_api.py
list_webhooks,C:\Users\lawm\Desktop\verity-systems\python-tools\simple_test_api.py
load_history,C:\Users\lawm\Desktop\verity-systems\tests\enterprise\run_enterprise.py
load_prompt_templates,C:\Users\lawm\Desktop\verity-systems\python-tools\api_server_v10.py
log_run,C:\Users\lawm\Desktop\verity-systems\tests\enterprise\run_enterprise.py
login_user,C:\Users\lawm\Desktop\verity-systems\python-tools\api_server_v9.py
mask_value,C:\Users\lawm\Desktop\verity-systems\python-tools\simple_test_api.py
normalize_verdict,C:\Users\lawm\Desktop\verity-systems\tests\test_verity.py
notify_sse_clients,C:\Users\lawm\Desktop\verity-systems\python-tools\simple_test_api.py
parse_junit,C:\Users\lawm\Desktop\verity-systems\python-tools\simple_test_api.py;C:\Users\lawm\Desktop\verity-systems\python-tools\test_runner_server.py
parse_numeric,C:\Users\lawm\Desktop\verity-systems\tests\enterprise\quota_monitor.py
poll_once,C:\Users\lawm\Desktop\verity-systems\python-tools\monitor_providers.py
post_prompt_templates,C:\Users\lawm\Desktop\verity-systems\python-tools\api_server_v10.py
print_report,C:\Users\lawm\Desktop\verity-systems\python-tools\comprehensive_test_v10.py;C:\Users\lawm\Desktop\verity-systems\python-tools\extensive_test_suite.py;C:\Users\lawm\Desktop\verity-systems\python-tools\robust_test_suite.py
prioritize_providers_for_claim,C:\Users\lawm\Desktop\verity-systems\python-tools\api_server_v9.py
process_analytics_batch,C:\Users\lawm\Desktop\verity-systems\python-tools\analytics_backend.py
process_file,C:\Users\lawm\Desktop\verity-systems\python-tools\tests\test_file_upload.py;C:\Users\lawm\Desktop\verity-systems\scripts\replace_9point.py
prometheus_metrics,C:\Users\lawm\Desktop\verity-systems\python-tools\api_server_v9.py;C:\Users\lawm\Desktop\verity-systems\python-tools\test_runner_server.py
providers_create,C:\Users\lawm\Desktop\verity-systems\python-tools\test_runner_server.py
pytest_generate_tests,C:\Users\lawm\Desktop\verity-systems\tests\enterprise\test_api_full.py
rate_limit_middleware,C:\Users\lawm\Desktop\verity-systems\python-tools\api_server_v10.py;C:\Users\lawm\Desktop\verity-systems\python-tools\api_server_v8.py;C:\Users\lawm\Desktop\verity-systems\python-tools\api_server_v9.py;C:\Users\lawm\Desktop\verity-systems\python-tools\upstash_redis.py
record_success,C:\Users\lawm\Desktop\verity-systems\python-tools\api_server_v10.py;C:\Users\lawm\Desktop\verity-systems\python-tools\api_server_v9.py;C:\Users\lawm\Desktop\verity-systems\python-tools\circuit_breaker.py
redact_json_object,C:\Users\lawm\Desktop\verity-systems\python-tools\simple_test_api.py
redact_text_advanced,C:\Users\lawm\Desktop\verity-systems\python-tools\simple_test_api.py
redaction_get,C:\Users\lawm\Desktop\verity-systems\python-tools\test_runner_server.py
redaction_update,C:\Users\lawm\Desktop\verity-systems\python-tools\test_runner_server.py
register_provider,C:\Users\lawm\Desktop\verity-systems\python-tools\circuit_breaker.py
register_user,C:\Users\lawm\Desktop\verity-systems\python-tools\api_server_v9.py
register_webhook,C:\Users\lawm\Desktop\verity-systems\python-tools\simple_test_api.py
render_file_page,C:\Users\lawm\Desktop\verity-systems\scripts\generate_test_html.py
render_index,C:\Users\lawm\Desktop\verity-systems\scripts\generate_test_html.py
research_claim,C:\Users\lawm\Desktop\verity-systems\python-tools\api_server_v8.py
research_topic,C:\Users\lawm\Desktop\verity-systems\python-tools\api_server_v9.py
reset_circuit,C:\Users\lawm\Desktop\verity-systems\python-tools\circuit_breaker.py
run_all_tests,C:\Users\lawm\Desktop\verity-systems\python-tools\api_tester_comprehensive.py;C:\Users\lawm\Desktop\verity-systems\python-tools\comprehensive_test_v10.py;C:\Users\lawm\Desktop\verity-systems\python-tools\extensive_test_suite.py;C:\Users\lawm\Desktop\verity-systems\python-tools\robust_test_suite.py;C:\Users\lawm\Desktop\verity-systems\python-tools\test_v9_cross_validation.py
run_check,C:\Users\lawm\Desktop\verity-systems\tests\enterprise\run_enterprise.py
run_internal_tests,C:\Users\lawm\Desktop\verity-systems\python-tools\api_server_v9.py
run_migrations_offline,C:\Users\lawm\Desktop\verity-systems\python-tools\alembic\env.py;C:\Users\lawm\Desktop\verity-systems\python-tools\python-tools\alembic\env.py
run_migrations_online,C:\Users\lawm\Desktop\verity-systems\python-tools\alembic\env.py;C:\Users\lawm\Desktop\verity-systems\python-tools\python-tools\alembic\env.py
run_playwright,C:\Users\lawm\Desktop\verity-systems\scripts\visual\attach_and_run.py
run_probe,C:\Users\lawm\Desktop\verity-systems\tests\enterprise\check_fireworks.py
run_quick_test,C:\Users\lawm\Desktop\verity-systems\python-tools\quick_sanity_test.py
run_regressions,C:\Users\lawm\Desktop\verity-systems\python-tools\regression_runner.py
run_single_test,C:\Users\lawm\Desktop\verity-systems\python-tools\comprehensive_test_v10.py;C:\Users\lawm\Desktop\verity-systems\python-tools\robust_test_suite.py
run_tests,C:\Users\lawm\Desktop\verity-systems\python-tools\test_comprehensive.py;C:\Users\lawm\Desktop\verity-systems\python-tools\test_runner_server.py;C:\Users\lawm\Desktop\verity-systems\python-tools\v10_test_suite.py
sanitize_claim,C:\Users\lawm\Desktop\verity-systems\python-tools\api_server_v10.py;C:\Users\lawm\Desktop\verity-systems\python-tools\api_server_v9.py
sanitize_path,C:\Users\lawm\Desktop\verity-systems\tests\enterprise\run_api_full.py
save_history,C:\Users\lawm\Desktop\verity-systems\tests\enterprise\run_enterprise.py
save_prompt_templates,C:\Users\lawm\Desktop\verity-systems\python-tools\api_server_v10.py
save_report,C:\Users\lawm\Desktop\verity-systems\python-tools\api_tester_comprehensive.py
save_result,C:\Users\lawm\Desktop\verity-systems\tests\enterprise\test_enterprise_pytest.py
save_run,C:\Users\lawm\Desktop\verity-systems\python-tools\simple_test_api.py
scan_files,C:\Users\lawm\Desktop\verity-systems\scripts\replace_9point.py
score_source,C:\Users\lawm\Desktop\verity-systems\python-tools\api_server_v10.py
score_sources,C:\Users\lawm\Desktop\verity-systems\python-tools\api_server_v10.py
search_with_brave,C:\Users\lawm\Desktop\verity-systems\python-tools\api_server_v10.py;C:\Users\lawm\Desktop\verity-systems\python-tools\api_server_v9.py
search_with_claimbuster,C:\Users\lawm\Desktop\verity-systems\python-tools\api_server_v9.py
search_with_exa,C:\Users\lawm\Desktop\verity-systems\python-tools\api_server_v10.py;C:\Users\lawm\Desktop\verity-systems\python-tools\api_server_v9.py
search_with_google_factcheck,C:\Users\lawm\Desktop\verity-systems\python-tools\api_server_v10.py;C:\Users\lawm\Desktop\verity-systems\python-tools\api_server_v9.py
search_with_jina,C:\Users\lawm\Desktop\verity-systems\python-tools\api_server_v10.py
search_with_newsapi,C:\Users\lawm\Desktop\verity-systems\python-tools\api_server_v9.py
search_with_semantic_scholar,C:\Users\lawm\Desktop\verity-systems\python-tools\api_server_v9.py
search_with_serper,C:\Users\lawm\Desktop\verity-systems\python-tools\api_server_v10.py;C:\Users\lawm\Desktop\verity-systems\python-tools\api_server_v9.py
search_with_tavily,C:\Users\lawm\Desktop\verity-systems\python-tools\api_server_v10.py;C:\Users\lawm\Desktop\verity-systems\python-tools\api_server_v9.py
send_password_reset,C:\Users\lawm\Desktop\verity-systems\python-tools\email_service.py
send_verification_result,C:\Users\lawm\Desktop\verity-systems\python-tools\email_service.py
send_with_retry,C:\Users\lawm\Desktop\verity-systems\python-tools\tests\test_sendgrid_retry.py
set_secret,C:\Users\lawm\Desktop\verity-systems\python-tools\secret_store.py
should_force_mixed,C:\Users\lawm\Desktop\verity-systems\python-tools\api_server_v10.py
signal_handler,C:\Users\lawm\Desktop\verity-systems\python-tools\robust_test_suite.py
stripe_webhook,C:\Users\lawm\Desktop\verity-systems\python-tools\api_server_v10.py;C:\Users\lawm\Desktop\verity-systems\python-tools\api_server_v9.py;C:\Users\lawm\Desktop\verity-systems\python-tools\minimal_webhook_app.py
suggest_for_failure,C:\Users\lawm\Desktop\verity-systems\tests\enterprise\run_enterprise.py
test_21_point_system_documented,C:\Users\lawm\Desktop\verity-systems\python-tools\tests\test_21_point_system.py
test_api_record,C:\Users\lawm\Desktop\verity-systems\tests\enterprise\test_api_full.py
test_api_timeout_handling,C:\Users\lawm\Desktop\verity-systems\tests\test_verity.py
test_basic_verify,C:\Users\lawm\Desktop\verity-systems\python-tools\test_v9_cross_validation.py
test_batch_verify,C:\Users\lawm\Desktop\verity-systems\python-tools\api_tester_comprehensive.py;C:\Users\lawm\Desktop\verity-systems\python-tools\test_v9_cross_validation.py
test_caching,C:\Users\lawm\Desktop\verity-systems\python-tools\test_v9_cross_validation.py
test_checkout_webhook_creates_subscription,C:\Users\lawm\Desktop\verity-systems\python-tools\tests\test_stripe_webhook_integration.py
test_claim_categories,C:\Users\lawm\Desktop\verity-systems\python-tools\test_v9_cross_validation.py
test_claim_contains_brain_myth,C:\Users\lawm\Desktop\verity-systems\tests\test_verity.py
test_claim_contains_earth_age,C:\Users\lawm\Desktop\verity-systems\tests\test_verity.py
test_claim_contains_opinion,C:\Users\lawm\Desktop\verity-systems\tests\test_verity.py
test_claim_too_short,C:\Users\lawm\Desktop\verity-systems\tests\test_verity.py
test_confidence_calibration,C:\Users\lawm\Desktop\verity-systems\tests\test_verity.py
test_confirmed_user_fixture,C:\Users\lawm\Desktop\verity-systems\tests\test_auth_fixture.py
test_content_moderation_api_or_doc,C:\Users\lawm\Desktop\verity-systems\python-tools\tests\test_content_moderation.py
test_core_ports,C:\Users\lawm\Desktop\verity-systems\python-tools\tests\test_services_health.py
test_credibility_tiers,C:\Users\lawm\Desktop\verity-systems\tests\test_verity.py
test_database_connect_env,C:\Users\lawm\Desktop\verity-systems\python-tools\tests\test_database_connection.py
test_deep_health,C:\Users\lawm\Desktop\verity-systems\python-tools\api_tester_comprehensive.py;C:\Users\lawm\Desktop\verity-systems\python-tools\test_v9_cross_validation.py
test_demo_attempts_limit,C:\Users\lawm\Desktop\verity-systems\tests\test_verity.py
test_email_idempotency_key,C:\Users\lawm\Desktop\verity-systems\python-tools\tests\test_email_idempotency.py
test_enterprise_live,C:\Users\lawm\Desktop\verity-systems\tests\enterprise\test_enterprise_pytest.py
test_fact_database_brain_myth,C:\Users\lawm\Desktop\verity-systems\tests\test_verity.py
test_fact_database_earth_age,C:\Users\lawm\Desktop\verity-systems\tests\test_verity.py
test_fact_database_lightning_myth,C:\Users\lawm\Desktop\verity-systems\tests\test_verity.py
test_file_processing_checks,C:\Users\lawm\Desktop\verity-systems\python-tools\tests\test_file_upload.py
test_github_artifacts_proxy_requires_auth,C:\Users\lawm\Desktop\verity-systems\tests\test_github_artifacts_proxy.py
test_health_endpoint_structure,C:\Users\lawm\Desktop\verity-systems\tests\test_verity.py
test_high_credibility_sources,C:\Users\lawm\Desktop\verity-systems\tests\test_verity.py
test_image_analysis_endpoint_available,C:\Users\lawm\Desktop\verity-systems\python-tools\tests\test_image_analysis.py
test_image_forensics_deepfake_mention,C:\Users\lawm\Desktop\verity-systems\tests\test_image_and_stream.py
test_image_forensics_with_image_url,C:\Users\lawm\Desktop\verity-systems\tests\test_image_and_stream.py
test_injection_protection,C:\Users\lawm\Desktop\verity-systems\python-tools\test_v9_cross_validation.py
test_invalid_verdict_handling,C:\Users\lawm\Desktop\verity-systems\tests\test_verity.py
test_live_stream_ws_ping,C:\Users\lawm\Desktop\verity-systems\python-tools\tests\test_live_stream.py
test_migration_sql_exists,C:\Users\lawm\Desktop\verity-systems\python-tools\tests\test_migration_files_present.py
test_misinformation_map_available,C:\Users\lawm\Desktop\verity-systems\python-tools\tests\test_misinformation_mapping.py
test_mobile_accent_matches_public_theme,C:\Users\lawm\Desktop\verity-systems\tests\test_mobile_theme.py
test_nuance_analyze_returns_dict,C:\Users\lawm\Desktop\verity-systems\python-tools\tests\test_nuance_unit.py
test_oauth_login_route,C:\Users\lawm\Desktop\verity-systems\python-tools\tests\test_oauth_login.py
test_prompt_templates_file_exists_and_valid,C:\Users\lawm\Desktop\verity-systems\python-tools\tests\test_prompt_override.py
test_provider_available_check,C:\Users\lawm\Desktop\verity-systems\tests\test_verity.py
test_provider_cooldown_trigger,C:\Users\lawm\Desktop\verity-systems\tests\test_provider_health.py
test_provider_health_logs_endpoint_empty_or_present,C:\Users\lawm\Desktop\verity-systems\tests\test_provider_logs_and_runs.py
test_providers,C:\Users\lawm\Desktop\verity-systems\python-tools\api_tester_comprehensive.py
test_providers_health,C:\Users\lawm\Desktop\verity-systems\python-tools\api_tester_comprehensive.py
test_rate_limiter_blocks_after_limit,C:\Users\lawm\Desktop\verity-systems\python-tools\tests\test_rate_limit_simulation.py
test_rate_limiter_threshold,C:\Users\lawm\Desktop\verity-systems\tests\test_rate_limiter.py
test_realtime_stream_high_viral,C:\Users\lawm\Desktop\verity-systems\tests\test_image_and_stream.py
test_realtime_stream_live,C:\Users\lawm\Desktop\verity-systems\tests\enterprise\test_realtime_stream.py
test_realtime_stream_medium,C:\Users\lawm\Desktop\verity-systems\tests\test_image_and_stream.py
test_regression_matches_expected,C:\Users\lawm\Desktop\verity-systems\python-tools\tests\test_regression_results.py
test_research_assistant,C:\Users\lawm\Desktop\verity-systems\python-tools\api_tester_comprehensive.py
test_root,C:\Users\lawm\Desktop\verity-systems\python-tools\api_tester_comprehensive.py
test_root_returns_ok,C:\Users\lawm\Desktop\verity-systems\python-tools\tests\test_api_contract.py
test_run_internal_tests_requires_sim_key,C:\Users\lawm\Desktop\verity-systems\tests\test_run_internal_tests.py
test_score_circumference_calculation,C:\Users\lawm\Desktop\verity-systems\tests\test_verity.py
test_score_known_domains,C:\Users\lawm\Desktop\verity-systems\tests\test_source_credibility.py
test_score_wheel_color_high,C:\Users\lawm\Desktop\verity-systems\tests\test_verity.py
test_score_wheel_color_low,C:\Users\lawm\Desktop\verity-systems\tests\test_verity.py
test_score_wheel_color_medium,C:\Users\lawm\Desktop\verity-systems\tests\test_verity.py
test_sdk_like_root_ping,C:\Users\lawm\Desktop\verity-systems\python-tools\tests\test_sdk_usage.py
test_sendgrid_retry_succeeds_after_transient,C:\Users\lawm\Desktop\verity-systems\python-tools\tests\test_sendgrid_retry.py
test_simple_majority,C:\Users\lawm\Desktop\verity-systems\tests\test_verity.py
test_simulate_allowlist_blocks,C:\Users\lawm\Desktop\verity-systems\tests\test_simulate_security.py
test_simulate_key_rate_limit,C:\Users\lawm\Desktop\verity-systems\tests\test_simulate_security.py
test_simulate_provider_fail_recover,C:\Users\lawm\Desktop\verity-systems\tests\test_tools_simulate.py
test_simulate_rate_limit,C:\Users\lawm\Desktop\verity-systems\tests\test_tools_simulate.py
test_simulate_requires_sim_key_when_set,C:\Users\lawm\Desktop\verity-systems\tests\test_tools_simulate.py
test_social_media,C:\Users\lawm\Desktop\verity-systems\python-tools\api_tester_comprehensive.py
test_statistics_report_present_or_api,C:\Users\lawm\Desktop\verity-systems\python-tools\tests\test_statistics_validation.py
test_statistics_validator,C:\Users\lawm\Desktop\verity-systems\python-tools\api_tester_comprehensive.py
test_stats,C:\Users\lawm\Desktop\verity-systems\python-tools\api_tester_comprehensive.py;C:\Users\lawm\Desktop\verity-systems\python-tools\test_v9_cross_validation.py
test_stripe_frontend,C:\Users\lawm\Desktop\verity-systems\python-tools\local_smoke_tests.py
test_stripe_various_events_and_idempotency,C:\Users\lawm\Desktop\verity-systems\python-tools\tests\test_stripe_webhook_advanced.py
test_supabase_signup,C:\Users\lawm\Desktop\verity-systems\python-tools\local_smoke_tests.py
test_test_runs_endpoint_requires_run_and_returns,C:\Users\lawm\Desktop\verity-systems\tests\test_provider_logs_and_runs.py
test_tools_source_credibility_endpoint,C:\Users\lawm\Desktop\verity-systems\tests\test_source_credibility.py
test_update_readme_badge,C:\Users\lawm\Desktop\verity-systems\tests\test_update_readme_badge.py
test_v3_verify,C:\Users\lawm\Desktop\verity-systems\python-tools\api_tester_comprehensive.py
test_verdict_types,C:\Users\lawm\Desktop\verity-systems\tests\test_verity.py
test_verification_endpoint,C:\Users\lawm\Desktop\verity-systems\python-tools\tests\test_verification_flow.py
test_verify,C:\Users\lawm\Desktop\verity-systems\python-tools\local_smoke_tests.py
test_verify_endpoint_accepts_json,C:\Users\lawm\Desktop\verity-systems\python-tools\tests\test_api_contract.py
test_verify_request_structure,C:\Users\lawm\Desktop\verity-systems\tests\test_verity.py
test_verify_response_structure,C:\Users\lawm\Desktop\verity-systems\tests\test_verity.py
test_verify_single,C:\Users\lawm\Desktop\verity-systems\python-tools\api_tester_comprehensive.py
test_waitlist,C:\Users\lawm\Desktop\verity-systems\python-tools\local_smoke_tests.py
test_waitlist_endpoint_or_doc,C:\Users\lawm\Desktop\verity-systems\python-tools\tests\test_waitlist_api.py
test_webhook_idempotency,C:\Users\lawm\Desktop\verity-systems\python-tools\tests\test_stripe_webhook.py
test_weighted_voting,C:\Users\lawm\Desktop\verity-systems\tests\test_verity.py
test_wikipedia_url_construction,C:\Users\lawm\Desktop\verity-systems\tests\test_verity.py
to_dict,C:\Users\lawm\Desktop\verity-systems\python-tools\analytics_backend.py
tools_simulate,C:\Users\lawm\Desktop\verity-systems\python-tools\api_server_v9.py
track_api_usage,C:\Users\lawm\Desktop\verity-systems\python-tools\upstash_redis.py
track_usage,C:\Users\lawm\Desktop\verity-systems\python-tools\upstash_redis.py
transient_send,C:\Users\lawm\Desktop\verity-systems\python-tools\tests\test_sendgrid_retry.py
update_auth_config,C:\Users\lawm\Desktop\verity-systems\scripts\update_supabase_auth.py
update_subscription,C:\Users\lawm\Desktop\verity-systems\python-tools\stripe_handler.py
validate_statistics,C:\Users\lawm\Desktop\verity-systems\python-tools\api_server_v8.py;C:\Users\lawm\Desktop\verity-systems\python-tools\api_server_v9.py
validate_tier,C:\Users\lawm\Desktop\verity-systems\python-tools\api_server_v10.py;C:\Users\lawm\Desktop\verity-systems\python-tools\api_server_v9.py
validate_url,C:\Users\lawm\Desktop\verity-systems\python-tools\api_server_v8.py
verify_api_key,C:\Users\lawm\Desktop\verity-systems\python-tools\api_server_v10.py;C:\Users\lawm\Desktop\verity-systems\python-tools\api_server_v9.py;C:\Users\lawm\Desktop\verity-systems\python-tools\test_runner_server.py
verify_claim,C:\Users\lawm\Desktop\verity-systems\python-tools\api_server_v10.py;C:\Users\lawm\Desktop\verity-systems\python-tools\api_server_v8.py;C:\Users\lawm\Desktop\verity-systems\python-tools\api_server_v9.py;C:\Users\lawm\Desktop\verity-systems\python-tools\extensive_test_suite.py
verify_claim_endpoint,C:\Users\lawm\Desktop\verity-systems\python-tools\api_server_v10.py;C:\Users\lawm\Desktop\verity-systems\python-tools\api_server_v9.py
verify_claim_v3,C:\Users\lawm\Desktop\verity-systems\python-tools\api_server_v10.py;C:\Users\lawm\Desktop\verity-systems\python-tools\api_server_v8.py;C:\Users\lawm\Desktop\verity-systems\python-tools\api_server_v9.py
verify_password,C:\Users\lawm\Desktop\verity-systems\python-tools\api_server_v9.py
verify_signature,C:\Users\lawm\Desktop\verity-systems\python-tools\tests\test_stripe_webhook_advanced.py;C:\Users\lawm\Desktop\verity-systems\python-tools\webhook_signing.py
verify_token,C:\Users\lawm\Desktop\verity-systems\python-tools\api_server_v9.py
verify_with_ai21,C:\Users\lawm\Desktop\verity-systems\python-tools\api_server_v9.py
verify_with_alibaba,C:\Users\lawm\Desktop\verity-systems\python-tools\api_server_v9.py
verify_with_anthropic,C:\Users\lawm\Desktop\verity-systems\python-tools\api_server_v10.py;C:\Users\lawm\Desktop\verity-systems\python-tools\api_server_v9.py
verify_with_anyscale,C:\Users\lawm\Desktop\verity-systems\python-tools\api_server_v9.py
verify_with_baichuan,C:\Users\lawm\Desktop\verity-systems\python-tools\api_server_v9.py
verify_with_cerebras,C:\Users\lawm\Desktop\verity-systems\python-tools\api_server_v10.py;C:\Users\lawm\Desktop\verity-systems\python-tools\api_server_v9.py
verify_with_cloudflare,C:\Users\lawm\Desktop\verity-systems\python-tools\api_server_v10.py;C:\Users\lawm\Desktop\verity-systems\python-tools\api_server_v9.py
verify_with_cohere,C:\Users\lawm\Desktop\verity-systems\python-tools\api_server_v9.py
verify_with_deepseek,C:\Users\lawm\Desktop\verity-systems\python-tools\api_server_v10.py;C:\Users\lawm\Desktop\verity-systems\python-tools\api_server_v9.py
verify_with_fireworks,C:\Users\lawm\Desktop\verity-systems\python-tools\api_server_v10.py;C:\Users\lawm\Desktop\verity-systems\python-tools\api_server_v9.py
verify_with_google,C:\Users\lawm\Desktop\verity-systems\python-tools\api_server_v10.py;C:\Users\lawm\Desktop\verity-systems\python-tools\api_server_v8.py;C:\Users\lawm\Desktop\verity-systems\python-tools\api_server_v9.py
verify_with_groq,C:\Users\lawm\Desktop\verity-systems\python-tools\api_server_v10.py;C:\Users\lawm\Desktop\verity-systems\python-tools\api_server_v8.py;C:\Users\lawm\Desktop\verity-systems\python-tools\api_server_v9.py
verify_with_huggingface,C:\Users\lawm\Desktop\verity-systems\python-tools\api_server_v9.py
verify_with_hyperbolic,C:\Users\lawm\Desktop\verity-systems\python-tools\api_server_v9.py
verify_with_jina,C:\Users\lawm\Desktop\verity-systems\python-tools\api_server_v9.py
verify_with_lambdalabs,C:\Users\lawm\Desktop\verity-systems\python-tools\api_server_v9.py
verify_with_lepton,C:\Users\lawm\Desktop\verity-systems\python-tools\api_server_v9.py
verify_with_mistral,C:\Users\lawm\Desktop\verity-systems\python-tools\api_server_v10.py;C:\Users\lawm\Desktop\verity-systems\python-tools\api_server_v9.py
verify_with_moonshot,C:\Users\lawm\Desktop\verity-systems\python-tools\api_server_v9.py
verify_with_novita,C:\Users\lawm\Desktop\verity-systems\python-tools\api_server_v9.py
verify_with_nvidia,C:\Users\lawm\Desktop\verity-systems\python-tools\api_server_v10.py;C:\Users\lawm\Desktop\verity-systems\python-tools\api_server_v9.py
verify_with_ollama,C:\Users\lawm\Desktop\verity-systems\python-tools\api_server_v9.py
verify_with_openai,C:\Users\lawm\Desktop\verity-systems\python-tools\api_server_v10.py;C:\Users\lawm\Desktop\verity-systems\python-tools\api_server_v9.py
verify_with_openrouter,C:\Users\lawm\Desktop\verity-systems\python-tools\api_server_v10.py;C:\Users\lawm\Desktop\verity-systems\python-tools\api_server_v9.py
verify_with_perplexity,C:\Users\lawm\Desktop\verity-systems\python-tools\api_server_v10.py;C:\Users\lawm\Desktop\verity-systems\python-tools\api_server_v8.py;C:\Users\lawm\Desktop\verity-systems\python-tools\api_server_v9.py
verify_with_replicate,C:\Users\lawm\Desktop\verity-systems\python-tools\api_server_v9.py
verify_with_sambanova,C:\Users\lawm\Desktop\verity-systems\python-tools\api_server_v10.py;C:\Users\lawm\Desktop\verity-systems\python-tools\api_server_v9.py
verify_with_siliconflow,C:\Users\lawm\Desktop\verity-systems\python-tools\api_server_v9.py
verify_with_together,C:\Users\lawm\Desktop\verity-systems\python-tools\api_server_v10.py;C:\Users\lawm\Desktop\verity-systems\python-tools\api_server_v9.py
verify_with_xai,C:\Users\lawm\Desktop\verity-systems\python-tools\api_server_v10.py;C:\Users\lawm\Desktop\verity-systems\python-tools\api_server_v9.py
verify_with_you,C:\Users\lawm\Desktop\verity-systems\python-tools\api_server_v9.py
verify_with_zhipu,C:\Users\lawm\Desktop\verity-systems\python-tools\api_server_v9.py
waitlist_signup,C:\Users\lawm\Desktop\verity-systems\python-tools\api_server_v10.py
websocket_stream,C:\Users\lawm\Desktop\verity-systems\python-tools\api_server_v10.py
write_css,C:\Users\lawm\Desktop\verity-systems\scripts\generate_test_html.py
write_index_json,C:\Users\lawm\Desktop\verity-systems\scripts\generate_test_html.py
zadd,C:\Users\lawm\Desktop\verity-systems\python-tools\upstash_redis.py
zcard,C:\Users\lawm\Desktop\verity-systems\python-tools\upstash_redis.py
zip_paths,C:\Users\lawm\Desktop\verity-systems\tests\enterprise\package_artifacts.py
zrange,C:\Users\lawm\Desktop\verity-systems\python-tools\upstash_redis.py
zremrangebyscore,C:\Users\lawm\Desktop\verity-systems\python-tools\upstash_redis.py
